Response ID,Time Started,Date Submitted,Status,Contact ID,Legacy Comments,Comments,Language,Referer,Extended Referer,SessionID,User Agent,Extended User Agent,Tags,IP Address,Longitude,Latitude,Country,City,State/Region,Postal,Your participant ID:,Your age:,Gender:,Your nationality:,"Others, please specify:Your nationality:",Your native language:,"Others, please specify:Your native language:",Your education level:,Your occupation:,Your proficiency of writing English:,Your frequency of using Email in your daily work and life:,"1. In the last month, how often have you been upset because of something that happened unexpectedly?","2.Â In the last month, how often have you felt that you were unable to control the important things in your life?","3. In the last month, how often have you felt nervous and stressed?","4. In the last month, how often have you felt confident about your ability to handle your personal problems?","5. In the last month, how often have you felt that things were going your way?","6. In the last month, how often have you found that you could not cope with all the things that you had to do?","7. In the last month, how often have you been able to control irritations in your life?","8. In the last month, how often have you felt that you were on top of things?","9. In the last month, how often have you been angered because of things that were outside of your control?","10. In the last month, how often have you felt difficulties were piling up so high that you could not overcome them?"
34,6/22/2018 12:22,6/22/2018 12:23,Complete,,,,English,https://www.surveygizmo.com/s3/4384438/Office-Stress-Questionnaire-Set-1?subj=T003,https://www.surveygizmo.com/s3/4384438/Office-Stress-Questionnaire-Set-1?subj=T003,1529684524_5b2d222cd5bee3.17125301,"Mozilla/5.0 (Windows NT 10.0; Win64; x64) AppleWebKit/537.36 (KHTML, like Gecko) Chrome/67.0.3396.87","Mozilla/5.0 (Windows NT 10.0; Win64; x64) AppleWebKit/537.36 (KHTML, like Gecko) Chrome/67.0.3396.87 Safari/537.36",,129.7.106.83,-95.43419647,29.83399963,United States,Houston,TX,77204,T003,23,2,1,,1,,2,1,7,6,2,2,3,3,2,1,2,2,2,1
44,6/27/2018 15:03,6/27/2018 15:04,Complete,,,,English,https://www.surveygizmo.com/s3/4384438/Office-Stress-Questionnaire-Set-1?subj=T005,https://www.surveygizmo.com/s3/4384438/Office-Stress-Questionnaire-Set-1?subj=T005,1530126130_5b33df32bad841.66078265,"Mozilla/5.0 (Windows NT 10.0; Win64; x64) AppleWebKit/537.36 (KHTML, like Gecko) Chrome/67.0.3396.99","Mozilla/5.0 (Windows NT 10.0; Win64; x64) AppleWebKit/537.36 (KHTML, like Gecko) Chrome/67.0.3396.99 Safari/537.36",,129.7.106.83,-95.43419647,29.83399963,United States,Houston,TX,77204,T005,19,2,1,,2,Spanish,2,1,6,5,2,2,3,3,2,1,3,3,3,1
21,6/13/2018 11:51,6/13/2018 11:52,Complete,,,,English,https://www.surveygizmo.com/s3/4384438/Office-Stress-Questionnaire-Set-1?subj=T002,https://www.surveygizmo.com/s3/4384438/Office-Stress-Questionnaire-Set-1?subj=T002,1528905058_5b213d62b20d32.09988232,"Mozilla/5.0 (Windows NT 10.0; Win64; x64) AppleWebKit/537.36 (KHTML, like Gecko) Chrome/67.0.3396.87","Mozilla/5.0 (Windows NT 10.0; Win64; x64) AppleWebKit/537.36 (KHTML, like Gecko) Chrome/67.0.3396.87 Safari/537.36",,129.7.106.83,-95.43419647,29.83399963,United States,Houston,TX,77204,T006,18,1,1,,1,,2,1,7,6,2,1,2,4,3,1,3,3,1,1
52,6/29/2018 14:59,6/29/2018 15:00,Complete,,,,English,https://www.surveygizmo.com/s3/4384438/Office-Stress-Questionnaire-Set-1?subj=T009,https://www.surveygizmo.com/s3/4384438/Office-Stress-Questionnaire-Set-1?subj=T009,1530298716_5b36815c750ac5.12320390,"Mozilla/5.0 (Windows NT 10.0; Win64; x64) AppleWebKit/537.36 (KHTML, like Gecko) Chrome/67.0.3396.99","Mozilla/5.0 (Windows NT 10.0; Win64; x64) AppleWebKit/537.36 (KHTML, like Gecko) Chrome/67.0.3396.99 Safari/537.36",,129.7.106.83,-95.43419647,29.83399963,United States,Houston,TX,77204,T009,20,2,1,,1,,2,1,7,6,2,2,4,3,2,2,2,2,1,2
93,7/26/2018 14:46,7/26/2018 14:48,Complete,,,,English,https://www.surveygizmo.com/s3/4384438/Office-Stress-Questionnaire-Set-1?subj=T011,https://www.surveygizmo.com/s3/4384438/Office-Stress-Questionnaire-Set-1?subj=T011,1532630693_5b5a16a5456e54.58764252,"Mozilla/5.0 (Windows NT 10.0; Win64; x64) AppleWebKit/537.36 (KHTML, like Gecko) Chrome/67.0.3396.99","Mozilla/5.0 (Windows NT 10.0; Win64; x64) AppleWebKit/537.36 (KHTML, like Gecko) Chrome/67.0.3396.99 Safari/537.36",,129.7.106.80,-95.43419647,29.83399963,United States,Houston,TX,77204,T011,24,2,1,,2,Spanish,2,1,7,5,0,0,1,4,3,0,3,4,0,0
27,6/18/2018 12:41,6/18/2018 12:43,Complete,,,,English,https://www.surveygizmo.com/s3/4384438/Office-Stress-Questionnaire-Set-1?subj=T016,https://www.surveygizmo.com/s3/4384438/Office-Stress-Questionnaire-Set-1?subj=T016,1529340079_5b27e0af4bf860.01311068,"Mozilla/5.0 (Windows NT 10.0; Win64; x64) AppleWebKit/537.36 (KHTML, like Gecko) Chrome/67.0.3396.87","Mozilla/5.0 (Windows NT 10.0; Win64; x64) AppleWebKit/537.36 (KHTML, like Gecko) Chrome/67.0.3396.87 Safari/537.36",,129.7.106.83,-95.43419647,29.83399963,United States,Houston,TX,77204,T016,20,1,1,,1,,2,1,5,6,1,0,1,2,2,0,3,3,2,0
97,8/1/2018 12:06,8/1/2018 12:07,Complete,,,,English,https://www.surveygizmo.com/s3/4384438/Office-Stress-Questionnaire-Set-1?subj=T017,https://www.surveygizmo.com/s3/4384438/Office-Stress-Questionnaire-Set-1?subj=T017,1533139523_5b61da432a5341.78516761,"Mozilla/5.0 (Windows NT 10.0; Win64; x64) AppleWebKit/537.36 (KHTML, like Gecko) Chrome/67.0.3396.99","Mozilla/5.0 (Windows NT 10.0; Win64; x64) AppleWebKit/537.36 (KHTML, like Gecko) Chrome/67.0.3396.99 Safari/537.36",,129.7.106.80,-95.43419647,29.83399963,United States,Houston,TX,77204,T019,20,2,1,,1,,1,1,6,7,3,2,2,2,2,1,1,2,1,2
101,8/3/2018 15:42,8/3/2018 15:43,Complete,,,,English,https://www.surveygizmo.com/s3/4384438/Office-Stress-Questionnaire-Set-1?subj=T021,https://www.surveygizmo.com/s3/4384438/Office-Stress-Questionnaire-Set-1?subj=T021,1533325343_5b64b01f710b83.39192484,"Mozilla/5.0 (Windows NT 10.0; Win64; x64) AppleWebKit/537.36 (KHTML, like Gecko) Chrome/67.0.3396.99","Mozilla/5.0 (Windows NT 10.0; Win64; x64) AppleWebKit/537.36 (KHTML, like Gecko) Chrome/67.0.3396.99 Safari/537.36",,129.7.106.80,-95.43419647,29.83399963,United States,Houston,TX,77204,T021,22,2,1,,2,farsi,2,1,5,6,2,3,2,2,3,3,2,1,4,3
108,8/9/2018 11:47,8/9/2018 11:49,Complete,,,,English,https://www.surveygizmo.com/s3/4384438/Office-Stress-Questionnaire-Set-1?subj=T023,https://www.surveygizmo.com/s3/4384438/Office-Stress-Questionnaire-Set-1?subj=T023,1533829606_5b6c61e6674188.13515753,"Mozilla/5.0 (Windows NT 10.0; Win64; x64) AppleWebKit/537.36 (KHTML, like Gecko) Chrome/67.0.3396.99","Mozilla/5.0 (Windows NT 10.0; Win64; x64) AppleWebKit/537.36 (KHTML, like Gecko) Chrome/67.0.3396.99 Safari/537.36",,129.7.106.80,-95.43419647,29.83399963,United States,Houston,TX,77204,T023,23,2,2,cuba,2,Spanish,2,1,7,7,2,2,2,3,3,1,2,3,2,1
78,7/18/2018 11:45,7/18/2018 11:46,Complete,,,,English,https://www.surveygizmo.com/s3/4384438/Office-Stress-Questionnaire-Set-1?subj=T031,https://www.surveygizmo.com/s3/4384438/Office-Stress-Questionnaire-Set-1?subj=T031,1531928579_5b4f600386da29.47887609,"Mozilla/5.0 (Windows NT 10.0; Win64; x64) AppleWebKit/537.36 (KHTML, like Gecko) Chrome/67.0.3396.99","Mozilla/5.0 (Windows NT 10.0; Win64; x64) AppleWebKit/537.36 (KHTML, like Gecko) Chrome/67.0.3396.99 Safari/537.36",,129.7.106.83,-95.43419647,29.83399963,United States,Houston,TX,77204,T031,20,2,2,Chinese,2,Chinese (Cantonese in specific),2,1,6,5,1,1,2,3,3,1,4,2,1,1
82,7/18/2018 14:59,7/18/2018 15:00,Complete,,,,English,https://www.surveygizmo.com/s3/4384438/Office-Stress-Questionnaire-Set-1?subj=T032,https://www.surveygizmo.com/s3/4384438/Office-Stress-Questionnaire-Set-1?subj=T032,1531940311_5b4f8dd71fcca6.30882811,"Mozilla/5.0 (Windows NT 10.0; Win64; x64) AppleWebKit/537.36 (KHTML, like Gecko) Chrome/67.0.3396.99","Mozilla/5.0 (Windows NT 10.0; Win64; x64) AppleWebKit/537.36 (KHTML, like Gecko) Chrome/67.0.3396.99 Safari/537.36",,129.7.106.83,-95.43419647,29.83399963,United States,Houston,TX,77204,T032,19,1,1,,2,Spanish,2,1,7,7,2,2,2,3,2,1,3,2,2,2
91,7/25/2018 12:31,7/25/2018 12:32,Complete,,,,English,https://www.surveygizmo.com/s3/4384438/Office-Stress-Questionnaire-Set-1?subj=T035,https://www.surveygizmo.com/s3/4384438/Office-Stress-Questionnaire-Set-1?subj=T035,1532536187_5b58a57b4722e9.72145819,"Mozilla/5.0 (Windows NT 10.0; Win64; x64) AppleWebKit/537.36 (KHTML, like Gecko) Chrome/67.0.3396.99","Mozilla/5.0 (Windows NT 10.0; Win64; x64) AppleWebKit/537.36 (KHTML, like Gecko) Chrome/67.0.3396.99 Safari/537.36",,129.7.106.83,-95.43419647,29.83399963,United States,Houston,TX,77204,T035,49,2,1,,1,,2,1,6,4,2,2,3,2,2,1,3,2,2,1
106,8/8/2018 12:05,8/8/2018 12:06,Complete,,,,English,https://www.surveygizmo.com/s3/4384438/Office-Stress-Questionnaire-Set-1?subj=T037,https://www.surveygizmo.com/s3/4384438/Office-Stress-Questionnaire-Set-1?subj=T037,1533744325_5b6b14c59a7dc7.88541329,"Mozilla/5.0 (Windows NT 10.0; Win64; x64) AppleWebKit/537.36 (KHTML, like Gecko) Chrome/67.0.3396.99","Mozilla/5.0 (Windows NT 10.0; Win64; x64) AppleWebKit/537.36 (KHTML, like Gecko) Chrome/67.0.3396.99 Safari/537.36",,129.7.106.80,-95.43419647,29.83399963,United States,Houston,TX,77204,T037,22,2,1,,1,,2,1,6,6,1,0,1,3,3,1,3,3,1,1
115,9/4/2018 15:24,9/4/2018 15:25,Complete,,,,English,https://www.surveygizmo.com/s3/4384438/Office-Stress-Questionnaire-Set-1?subj=T041,https://www.surveygizmo.com/s3/4384438/Office-Stress-Questionnaire-Set-1?subj=T041,1536089052_5b8edbdcc37cb4.95918734,"Mozilla/5.0 (Windows NT 10.0; Win64; x64) AppleWebKit/537.36 (KHTML, like Gecko) Chrome/69.0.3497.81","Mozilla/5.0 (Windows NT 10.0; Win64; x64) AppleWebKit/537.36 (KHTML, like Gecko) Chrome/69.0.3497.81 Safari/537.36",,129.7.106.80,-95.43419647,29.83399963,United States,Houston,TX,77204,T041,22,3,1,,1,,2,1,7,7,2,2,3,3,3,1,3,4,2,1
95,7/27/2018 15:05,7/27/2018 15:07,Complete,,,,English,https://www.surveygizmo.com/s3/4384438/Office-Stress-Questionnaire-Set-1?subj=T046,https://www.surveygizmo.com/s3/4384438/Office-Stress-Questionnaire-Set-1?subj=T046,1532718279_5b5b6cc7149791.83795789,"Mozilla/5.0 (Windows NT 10.0; Win64; x64) AppleWebKit/537.36 (KHTML, like Gecko) Chrome/67.0.3396.99","Mozilla/5.0 (Windows NT 10.0; Win64; x64) AppleWebKit/537.36 (KHTML, like Gecko) Chrome/67.0.3396.99 Safari/537.36",,129.7.106.80,-95.43419647,29.83399963,United States,Houston,TX,77204,T046,18,1,1,,1,,2,1,4,3,2,3,4,2,1,0,2,0,4,2
89,7/24/2018 15:45,7/24/2018 15:46,Complete,,,,English,https://www.surveygizmo.com/s3/4384438/Office-Stress-Questionnaire-Set-1?subj=T047,https://www.surveygizmo.com/s3/4384438/Office-Stress-Questionnaire-Set-1?subj=T047,1532461488_5b5781b05019a6.90251978,"Mozilla/5.0 (Windows NT 10.0; Win64; x64) AppleWebKit/537.36 (KHTML, like Gecko) Chrome/67.0.3396.99","Mozilla/5.0 (Windows NT 10.0; Win64; x64) AppleWebKit/537.36 (KHTML, like Gecko) Chrome/67.0.3396.99 Safari/537.36",,129.7.106.83,-95.43419647,29.83399963,United States,Houston,TX,77204,T047,20,2,1,,1,,2,1,5,4,2,2,1,3,2,2,3,3,1,1
104,8/6/2018 11:58,8/6/2018 12:00,Complete,,,,English,https://www.surveygizmo.com/s3/4384438/Office-Stress-Questionnaire-Set-1?subj=T051,https://www.surveygizmo.com/s3/4384438/Office-Stress-Questionnaire-Set-1?subj=T051,1533571075_5b687003bcb3c9.86798439,"Mozilla/5.0 (Windows NT 10.0; Win64; x64) AppleWebKit/537.36 (KHTML, like Gecko) Chrome/67.0.3396.99","Mozilla/5.0 (Windows NT 10.0; Win64; x64) AppleWebKit/537.36 (KHTML, like Gecko) Chrome/67.0.3396.99 Safari/537.36",,129.7.106.80,-95.43419647,29.83399963,United States,Houston,TX,77204,T051,23,2,1,,1,,2,1,7,7,4,3,3,2,2,4,2,2,3,4
33,6/21/2018 16:41,6/21/2018 16:43,Complete,,,,English,https://www.surveygizmo.com/s3/4384438/Office-Stress-Questionnaire-Set-1?subj=T061,https://www.surveygizmo.com/s3/4384438/Office-Stress-Questionnaire-Set-1?subj=T061,1529613675_5b2c0d6b5d5410.35393087,"Mozilla/5.0 (Windows NT 10.0; Win64; x64) AppleWebKit/537.36 (KHTML, like Gecko) Chrome/67.0.3396.87","Mozilla/5.0 (Windows NT 10.0; Win64; x64) AppleWebKit/537.36 (KHTML, like Gecko) Chrome/67.0.3396.87 Safari/537.36",,128.194.142.236,-95.66269684,29.83270073,United States,Houston,TX,77084,T061,29,1,2,Philippines,1,,4,2,7,7,3,1,4,2,1,3,2,1,2,4
29,6/19/2018 11:28,6/19/2018 11:29,Complete,,,,English,https://www.surveygizmo.com/s3/4384438/Office-Stress-Questionnaire-Set-1?subj=T062,https://www.surveygizmo.com/s3/4384438/Office-Stress-Questionnaire-Set-1?subj=T062,1529422064_5b2920f0796150.22179497,"Mozilla/5.0 (Windows NT 10.0; Win64; x64) AppleWebKit/537.36 (KHTML, like Gecko) Chrome/67.0.3396.87","Mozilla/5.0 (Windows NT 10.0; Win64; x64) AppleWebKit/537.36 (KHTML, like Gecko) Chrome/67.0.3396.87 Safari/537.36",,128.194.142.236,-95.66269684,29.83270073,United States,Houston,TX,77084,T062,20,2,1,,1,,2,1,7,7,2,2,2,3,3,1,2,3,2,1
45,6/27/2018 16:41,6/27/2018 16:42,Complete,,,,English,https://www.surveygizmo.com/s3/4384438/Office-Stress-Questionnaire-Set-1?subj=T063,https://www.surveygizmo.com/s3/4384438/Office-Stress-Questionnaire-Set-1?subj=T063,1530132048_5b33f6500caa12.82649880,"Mozilla/5.0 (Windows NT 10.0; Win64; x64) AppleWebKit/537.36 (KHTML, like Gecko) Chrome/67.0.3396.87","Mozilla/5.0 (Windows NT 10.0; Win64; x64) AppleWebKit/537.36 (KHTML, like Gecko) Chrome/67.0.3396.87 Safari/537.36",,128.194.142.236,-96.32170105,30.61310005,United States,College Station,TX,77840,T063,21,2,1,,1,,2,1,7,7,2,1,2,4,3,1,3,3,2,1
55,7/2/2018 16:35,7/2/2018 16:37,Complete,,,,English,https://www.surveygizmo.com/s3/4384438/Office-Stress-Questionnaire-Set-1?subj=T064,https://www.surveygizmo.com/s3/4384438/Office-Stress-Questionnaire-Set-1?subj=T064,1530563724_5b3a8c8ce12fb6.88130582,"Mozilla/5.0 (Windows NT 10.0; Win64; x64) AppleWebKit/537.36 (KHTML, like Gecko) Chrome/67.0.3396.99","Mozilla/5.0 (Windows NT 10.0; Win64; x64) AppleWebKit/537.36 (KHTML, like Gecko) Chrome/67.0.3396.99 Safari/537.36",,128.194.142.236,-96.28369904,30.56699944,United States,College Station,TX,77845,T064,52,2,1,,1,,1,3,7,7,2,0,1,3,3,0,4,3,2,0
57,7/3/2018 11:40,7/3/2018 11:41,Complete,,,,English,https://www.surveygizmo.com/s3/4384438/Office-Stress-Questionnaire-Set-1?subj=T065,https://www.surveygizmo.com/s3/4384438/Office-Stress-Questionnaire-Set-1?subj=T065,1530632412_5b3b98dc1220a2.46907956,"Mozilla/5.0 (Windows NT 10.0; Win64; x64) AppleWebKit/537.36 (KHTML, like Gecko) Chrome/67.0.3396.99","Mozilla/5.0 (Windows NT 10.0; Win64; x64) AppleWebKit/537.36 (KHTML, like Gecko) Chrome/67.0.3396.99 Safari/537.36",,128.194.142.236,-96.28369904,30.56699944,United States,College Station,TX,77845,T065,28,2,1,,1,,2,2,7,7,2,2,2,3,1,1,3,3,2,1
81,7/18/2018 14:13,7/18/2018 14:15,Complete,,,,English,https://www.surveygizmo.com/s3/4384438/Office-Stress-Questionnaire-Set-1?subj=66,https://www.surveygizmo.com/s3/4384438/Office-Stress-Questionnaire-Set-1?subj=66,1531937623_5b4f83571d1a87.33137676,"Mozilla/5.0 (Windows NT 10.0; Win64; x64) AppleWebKit/537.36 (KHTML, like Gecko) Chrome/67.0.3396.99","Mozilla/5.0 (Windows NT 10.0; Win64; x64) AppleWebKit/537.36 (KHTML, like Gecko) Chrome/67.0.3396.99 Safari/537.36",,128.194.142.236,-96.28369904,30.56699944,United States,College Station,TX,77845,T066,20,2,1,,1,,2,1,7,2,2,2,2,3,2,1,2,2,1,2
87,7/24/2018 11:30,7/24/2018 11:35,Complete,,,,English,https://www.surveygizmo.com/s3/4384438/Office-Stress-Questionnaire-Set-1?subj=T067,https://www.surveygizmo.com/s3/4384438/Office-Stress-Questionnaire-Set-1?subj=T067,1532446194_5b5745f2c02ab1.76003140,"Mozilla/5.0 (Windows NT 10.0; Win64; x64) AppleWebKit/537.36 (KHTML, like Gecko) Chrome/67.0.3396.99","Mozilla/5.0 (Windows NT 10.0; Win64; x64) AppleWebKit/537.36 (KHTML, like Gecko) Chrome/67.0.3396.99 Safari/537.36",,128.194.142.236,-96.28369904,30.56699944,United States,College Station,TX,77845,T067,61,2,1,,1,,1,3,7,7,1,1,1,4,4,0,4,4,1,1
121,9/5/2018 16:41,9/5/2018 16:42,Complete,,,,English,https://www.surveygizmo.com/s3/4384438/Office-Stress-Questionnaire-Set-1?subj=T068,https://www.surveygizmo.com/s3/4384438/Office-Stress-Questionnaire-Set-1?subj=T068,1536180043_5b903f4b4f9524.26523073,"Mozilla/5.0 (Windows NT 10.0; Win64; x64) AppleWebKit/537.36 (KHTML, like Gecko) Chrome/68.0.3440.10","Mozilla/5.0 (Windows NT 10.0; Win64; x64) AppleWebKit/537.36 (KHTML, like Gecko) Chrome/68.0.3440.106 Safari/537.36",,128.194.142.236,-96.48870087,30.69129944,United States,Bryan,TX,77807,T068,22,2,1,,1,,2,2,7,7,3,2,3,2,2,2,2,3,3,2
24,6/15/2018 14:07,6/15/2018 14:08,Complete,,,,English,https://www.surveygizmo.com/s3/4384438/Office-Stress-Questionnaire-Set-1,https://www.surveygizmo.com/s3/4384438/Office-Stress-Questionnaire-Set-1,1529085401_5b23fdd91d9481.48158253,"Mozilla/5.0 (Windows NT 10.0; Win64; x64) AppleWebKit/537.36 (KHTML, like Gecko) Chrome/67.0.3396.87","Mozilla/5.0 (Windows NT 10.0; Win64; x64) AppleWebKit/537.36 (KHTML, like Gecko) Chrome/67.0.3396.87 Safari/537.36",,128.194.142.236,-95.66269684,29.83270073,United States,Houston,TX,77084,T076,34,2,2,,1,,3,2,7,7,3,3,4,1,2,3,2,1,4,4
43,6/27/2018 14:03,6/27/2018 14:05,Complete,,,,English,https://www.surveygizmo.com/s3/4384438/Office-Stress-Questionnaire-Set-1?subj=T077,https://www.surveygizmo.com/s3/4384438/Office-Stress-Questionnaire-Set-1?subj=T077,1530122546_5b33d132adb721.66301387,"Mozilla/5.0 (Windows NT 10.0; Win64; x64) AppleWebKit/537.36 (KHTML, like Gecko) Chrome/67.0.3396.87","Mozilla/5.0 (Windows NT 10.0; Win64; x64) AppleWebKit/537.36 (KHTML, like Gecko) Chrome/67.0.3396.87 Safari/537.36",,128.194.142.236,-96.32170105,30.61310005,United States,College Station,TX,77840,T077,28,1,1,,1,,3,3,7,7,3,1,2,3,3,0,3,4,2,1
42,6/26/2018 16:39,6/26/2018 16:40,Complete,,,,English,https://www.surveygizmo.com/s3/4384438/Office-Stress-Questionnaire-Set-1?subj=T078,https://www.surveygizmo.com/s3/4384438/Office-Stress-Questionnaire-Set-1?subj=T078,1530045548_5b32a46c8ed929.42166558,"Mozilla/5.0 (Windows NT 10.0; Win64; x64) AppleWebKit/537.36 (KHTML, like Gecko) Chrome/67.0.3396.87","Mozilla/5.0 (Windows NT 10.0; Win64; x64) AppleWebKit/537.36 (KHTML, like Gecko) Chrome/67.0.3396.87 Safari/537.36",,128.194.142.236,-96.32170105,30.61310005,United States,College Station,TX,77840,T078,50,2,1,,1,,2,3,7,7,2,2,3,2,2,3,2,3,3,2
51,6/29/2018 14:10,6/29/2018 14:12,Complete,,,,English,https://www.surveygizmo.com/s3/4384438/Office-Stress-Questionnaire-Set-1?subj=T079,https://www.surveygizmo.com/s3/4384438/Office-Stress-Questionnaire-Set-1?subj=T079,1530295785_5b3675e9735421.71208382,"Mozilla/5.0 (Windows NT 10.0; Win64; x64) AppleWebKit/537.36 (KHTML, like Gecko) Chrome/67.0.3396.99","Mozilla/5.0 (Windows NT 10.0; Win64; x64) AppleWebKit/537.36 (KHTML, like Gecko) Chrome/67.0.3396.99 Safari/537.36",,128.194.142.236,-96.28369904,30.56699944,United States,College Station,TX,77845,T079,23,2,1,,1,,2,1,7,7,1,1,2,4,3,0,3,2,2,0
58,7/3/2018 16:35,7/3/2018 16:35,Complete,,,,English,https://www.surveygizmo.com/s3/4384438/Office-Stress-Questionnaire-Set-1?subj=T080,https://www.surveygizmo.com/s3/4384438/Office-Stress-Questionnaire-Set-1?subj=T080,1530650082_5b3bdde269a943.60017241,"Mozilla/5.0 (Windows NT 10.0; Win64; x64) AppleWebKit/537.36 (KHTML, like Gecko) Chrome/67.0.3396.99","Mozilla/5.0 (Windows NT 10.0; Win64; x64) AppleWebKit/537.36 (KHTML, like Gecko) Chrome/67.0.3396.99 Safari/537.36",,128.194.142.236,-96.28369904,30.56699944,United States,College Station,TX,77845,T080,20,1,1,,1,,2,1,7,7,1,0,1,4,3,0,4,3,1,0
84,7/19/2018 14:02,7/19/2018 14:03,Complete,,,,English,https://www.surveygizmo.com/s3/4384438/Office-Stress-Questionnaire-Set-1?subj=T083,https://www.surveygizmo.com/s3/4384438/Office-Stress-Questionnaire-Set-1?subj=T083,1532023313_5b50d211ceb388.73159890,"Mozilla/5.0 (Windows NT 10.0; Win64; x64) AppleWebKit/537.36 (KHTML, like Gecko) Chrome/67.0.3396.99","Mozilla/5.0 (Windows NT 10.0; Win64; x64) AppleWebKit/537.36 (KHTML, like Gecko) Chrome/67.0.3396.99 Safari/537.36",,128.194.142.236,-96.28369904,30.56699944,United States,College Station,TX,77845,T083,21,2,1,,1,,2,1,7,7,2,2,2,3,3,1,3,3,0,1
88,7/24/2018 14:20,7/24/2018 14:21,Complete,,,,English,https://www.surveygizmo.com/s3/4384438/Office-Stress-Questionnaire-Set-1?subj=T084,https://www.surveygizmo.com/s3/4384438/Office-Stress-Questionnaire-Set-1?subj=T084,1532456362_5b576daa6c5880.43351719,"Mozilla/5.0 (Windows NT 10.0; Win64; x64) AppleWebKit/537.36 (KHTML, like Gecko) Chrome/67.0.3396.99","Mozilla/5.0 (Windows NT 10.0; Win64; x64) AppleWebKit/537.36 (KHTML, like Gecko) Chrome/67.0.3396.99 Safari/537.36",,128.194.142.236,-96.28369904,30.56699944,United States,College Station,TX,77845,T084,37,2,2,Dominican American,2,English and Spanish,3,3,7,7,3,2,2,2,3,2,2,2,2,2
122,9/6/2018 14:03,9/6/2018 14:04,Complete,,,,English,https://www.surveygizmo.com/s3/4384438/Office-Stress-Questionnaire-Set-1?subj=T085,https://www.surveygizmo.com/s3/4384438/Office-Stress-Questionnaire-Set-1?subj=T085,1536256946_5b916bb21f8fa4.63386505,"Mozilla/5.0 (Windows NT 10.0; Win64; x64) AppleWebKit/537.36 (KHTML, like Gecko) Chrome/68.0.3440.10","Mozilla/5.0 (Windows NT 10.0; Win64; x64) AppleWebKit/537.36 (KHTML, like Gecko) Chrome/68.0.3440.106 Safari/537.36",,128.194.142.236,-96.48870087,30.69129944,United States,Bryan,TX,77807,T085,21,1,2,Indian,1,,1,1,7,7,2,1,3,3,4,2,3,3,2,1
30,6/19/2018 16:22,6/19/2018 16:23,Complete,,,,English,https://www.surveygizmo.com/s3/4384438/Office-Stress-Questionnaire-Set-1?subj=T091,https://www.surveygizmo.com/s3/4384438/Office-Stress-Questionnaire-Set-1?subj=T091,1529439740_5b2965fc63aed7.05946663,"Mozilla/5.0 (Windows NT 10.0; Win64; x64) AppleWebKit/537.36 (KHTML, like Gecko) Chrome/67.0.3396.87","Mozilla/5.0 (Windows NT 10.0; Win64; x64) AppleWebKit/537.36 (KHTML, like Gecko) Chrome/67.0.3396.87 Safari/537.36",,128.194.142.236,-95.66269684,29.83270073,United States,Houston,TX,77084,T091,20,1,1,,1,,2,1,6,6,1,1,3,3,2,1,3,3,1,1
38,6/25/2018 13:54,6/25/2018 13:56,Complete,,,,English,https://www.surveygizmo.com/s3/4384438/Office-Stress-Questionnaire-Set-1?subj=T092,https://www.surveygizmo.com/s3/4384438/Office-Stress-Questionnaire-Set-1?subj=T092,1529949221_5b312c254826e7.88289540,"Mozilla/5.0 (Windows NT 10.0; Win64; x64) AppleWebKit/537.36 (KHTML, like Gecko) Chrome/67.0.3396.87","Mozilla/5.0 (Windows NT 10.0; Win64; x64) AppleWebKit/537.36 (KHTML, like Gecko) Chrome/67.0.3396.87 Safari/537.36",,128.194.142.236,-96.32170105,30.61310005,United States,College Station,TX,77840,T092,54,2,1,,1,,2,3,7,7,1,3,1,3,3,0,2,3,1,0
32,6/21/2018 13:33,6/21/2018 13:35,Complete,,,,English,https://www.surveygizmo.com/s3/4384438/Office-Stress-Questionnaire-Set-1?subj=T093,https://www.surveygizmo.com/s3/4384438/Office-Stress-Questionnaire-Set-1?subj=T093,1529602391_5b2be15755d1e3.58413493,"Mozilla/5.0 (Windows NT 10.0; Win64; x64) AppleWebKit/537.36 (KHTML, like Gecko) Chrome/67.0.3396.87","Mozilla/5.0 (Windows NT 10.0; Win64; x64) AppleWebKit/537.36 (KHTML, like Gecko) Chrome/67.0.3396.87 Safari/537.36",,128.194.142.236,-95.66269684,29.83270073,United States,Houston,TX,77084,T093,23,1,1,,1,,2,1,7,7,1,1,2,4,3,1,3,2,1,1
48,6/28/2018 14:23,6/28/2018 14:25,Complete,,,,English,https://www.surveygizmo.com/s3/4384438/Office-Stress-Questionnaire-Set-1?subj=T094,https://www.surveygizmo.com/s3/4384438/Office-Stress-Questionnaire-Set-1?subj=T094,1530210135_5b35275788d7d3.78682113,"Mozilla/5.0 (Windows NT 10.0; Win64; x64) AppleWebKit/537.36 (KHTML, like Gecko) Chrome/67.0.3396.87","Mozilla/5.0 (Windows NT 10.0; Win64; x64) AppleWebKit/537.36 (KHTML, like Gecko) Chrome/67.0.3396.87 Safari/537.36",,128.194.142.236,-96.32170105,30.61310005,United States,College Station,TX,77840,T094,20,2,2,Nigeria,1,,2,1,7,5,0,0,2,3,3,1,3,2,1,1
72,7/13/2018 16:30,7/13/2018 16:31,Complete,,,,English,https://www.surveygizmo.com/s3/4384438/Office-Stress-Questionnaire-Set-1?subj=T095,https://www.surveygizmo.com/s3/4384438/Office-Stress-Questionnaire-Set-1?subj=T095,1531513811_5b490bd3104cc7.63106573,"Mozilla/5.0 (Windows NT 10.0; Win64; x64) AppleWebKit/537.36 (KHTML, like Gecko) Chrome/67.0.3396.99","Mozilla/5.0 (Windows NT 10.0; Win64; x64) AppleWebKit/537.36 (KHTML, like Gecko) Chrome/67.0.3396.99 Safari/537.36",,128.194.142.236,-96.28369904,30.56699944,United States,College Station,TX,77845,T095,23,1,2,India,1,,4,2,7,6,2,1,2,3,2,2,2,3,2,1
128,9/11/2018 13:03,9/11/2018 13:03,Partial,,,,English,https://www.surveygizmo.com/s3/4384438/Office-Stress-Questionnaire-Set-1,https://www.surveygizmo.com/s3/4384438/Office-Stress-Questionnaire-Set-1,1536685407_5b97f55fe2a428.18210420,Mozilla/5.0 (Windows NT 10.0; Win64; x64; rv:62.0) Gecko/20100101 Firefox/62.0,Mozilla/5.0 (Windows NT 10.0; Win64; x64; rv:62.0) Gecko/20100101 Firefox/62.0,,129.7.106.83,-95.43419647,29.83399963,United States,Houston,TX,77204,T096,,1,,,,,,,,,,,,,,,,,,
74,7/17/2018 11:15,7/17/2018 11:16,Complete,,,,English,https://www.surveygizmo.com/s3/4384438/Office-Stress-Questionnaire-Set-1?subj=97,https://www.surveygizmo.com/s3/4384438/Office-Stress-Questionnaire-Set-1?subj=97,1531840497_5b4e07f1c837d6.52801133,"Mozilla/5.0 (Windows NT 10.0; Win64; x64) AppleWebKit/537.36 (KHTML, like Gecko) Chrome/67.0.3396.99","Mozilla/5.0 (Windows NT 10.0; Win64; x64) AppleWebKit/537.36 (KHTML, like Gecko) Chrome/67.0.3396.99 Safari/537.36",,128.194.142.236,-96.28369904,30.56699944,United States,College Station,TX,77845,T097,37,2,1,,1,,3,3,7,7,3,2,4,3,3,2,2,2,3,3
92,7/25/2018 16:41,7/25/2018 16:43,Complete,,,,English,https://www.surveygizmo.com/s3/4384438/Office-Stress-Questionnaire-Set-1?subj=T098,https://www.surveygizmo.com/s3/4384438/Office-Stress-Questionnaire-Set-1?subj=T098,1532551248_5b58e050da9759.75811694,"Mozilla/5.0 (Windows NT 10.0; Win64; x64) AppleWebKit/537.36 (KHTML, like Gecko) Chrome/67.0.3396.99","Mozilla/5.0 (Windows NT 10.0; Win64; x64) AppleWebKit/537.36 (KHTML, like Gecko) Chrome/67.0.3396.99 Safari/537.36",,128.194.142.236,-96.28369904,30.56699944,United States,College Station,TX,77845,T098,49,2,1,,1,,3,3,7,7,1,1,4,2,3,2,3,2,2,1
117,9/4/2018 16:37,9/4/2018 16:38,Complete,,,,English,https://www.surveygizmo.com/s3/4384438/Office-Stress-Questionnaire-Set-1?subj=T099,https://www.surveygizmo.com/s3/4384438/Office-Stress-Questionnaire-Set-1?subj=T099,1536093423_5b8eecef10a930.32925677,"Mozilla/5.0 (Windows NT 10.0; Win64; x64) AppleWebKit/537.36 (KHTML, like Gecko) Chrome/68.0.3440.10","Mozilla/5.0 (Windows NT 10.0; Win64; x64) AppleWebKit/537.36 (KHTML, like Gecko) Chrome/68.0.3440.106 Safari/537.36",,128.194.142.236,-96.48870087,30.69129944,United States,Bryan,TX,77807,T099,20,1,1,,1,,2,1,7,7,1,1,2,3,3,1,3,4,2,0
118,9/5/2018 11:10,9/5/2018 11:11,Complete,,,,English,https://www.surveygizmo.com/s3/4384438/Office-Stress-Questionnaire-Set-1?subj=T100,https://www.surveygizmo.com/s3/4384438/Office-Stress-Questionnaire-Set-1?subj=T100,1536160170_5b8ff1aab68356.62478952,"Mozilla/5.0 (Windows NT 10.0; Win64; x64) AppleWebKit/537.36 (KHTML, like Gecko) Chrome/68.0.3440.10","Mozilla/5.0 (Windows NT 10.0; Win64; x64) AppleWebKit/537.36 (KHTML, like Gecko) Chrome/68.0.3440.106 Safari/537.36",,128.194.142.236,-96.48870087,30.69129944,United States,Bryan,TX,77807,T100,19,2,1,,1,,1,1,7,7,3,2,4,3,4,3,3,4,4,3
28,6/18/2018 14:16,6/18/2018 14:17,Complete,,,,English,https://www.surveygizmo.com/s3/4384438/Office-Stress-Questionnaire-Set-1,https://www.surveygizmo.com/s3/4384438/Office-Stress-Questionnaire-Set-1,1529343242_5b27ed0aa76c93.15306864,"Mozilla/5.0 (Windows NT 10.0; Win64; x64) AppleWebKit/537.36 (KHTML, like Gecko) Chrome/67.0.3396.87","Mozilla/5.0 (Windows NT 10.0; Win64; x64) AppleWebKit/537.36 (KHTML, like Gecko) Chrome/67.0.3396.87 Safari/537.36",,128.194.142.236,-95.66269684,29.83270073,United States,Houston,TX,77084,T106,21,2,1,,1,,2,1,7,7,2,1,3,2,3,1,4,2,1,1
46,6/28/2018 11:39,6/28/2018 11:40,Complete,,,,English,https://www.surveygizmo.com/s3/4384438/Office-Stress-Questionnaire-Set-1?subj=T107,https://www.surveygizmo.com/s3/4384438/Office-Stress-Questionnaire-Set-1?subj=T107,1530200319_5b3500ffcfafa4.16438762,"Mozilla/5.0 (Windows NT 10.0; Win64; x64) AppleWebKit/537.36 (KHTML, like Gecko) Chrome/67.0.3396.87","Mozilla/5.0 (Windows NT 10.0; Win64; x64) AppleWebKit/537.36 (KHTML, like Gecko) Chrome/67.0.3396.87 Safari/537.36",,128.194.142.236,-96.32170105,30.61310005,United States,College Station,TX,77840,T107,20,1,1,,1,,2,1,7,7,0,1,0,3,2,1,4,2,1,1
35,6/22/2018 14:07,6/22/2018 14:08,Complete,,,,English,https://www.surveygizmo.com/s3/4384438/Office-Stress-Questionnaire-Set-1?subj=T108,https://www.surveygizmo.com/s3/4384438/Office-Stress-Questionnaire-Set-1?subj=T108,1529690830_5b2d3aced660a3.97925043,"Mozilla/5.0 (Windows NT 10.0; Win64; x64) AppleWebKit/537.36 (KHTML, like Gecko) Chrome/67.0.3396.87","Mozilla/5.0 (Windows NT 10.0; Win64; x64) AppleWebKit/537.36 (KHTML, like Gecko) Chrome/67.0.3396.87 Safari/537.36",,128.194.142.236,-96.32170105,30.61310005,United States,College Station,TX,77840,T108,34,2,1,,1,,3,3,7,7,2,2,2,4,2,0,2,3,1,1
49,6/28/2018 16:28,6/28/2018 16:29,Complete,,,,English,https://www.surveygizmo.com/s3/4384438/Office-Stress-Questionnaire-Set-1?subj=T109,https://www.surveygizmo.com/s3/4384438/Office-Stress-Questionnaire-Set-1?subj=T109,1530217651_5b3544b3d0f986.53513623,"Mozilla/5.0 (Windows NT 10.0; Win64; x64) AppleWebKit/537.36 (KHTML, like Gecko) Chrome/67.0.3396.87","Mozilla/5.0 (Windows NT 10.0; Win64; x64) AppleWebKit/537.36 (KHTML, like Gecko) Chrome/67.0.3396.87 Safari/537.36",,128.194.142.236,-96.32170105,30.61310005,United States,College Station,TX,77840,T109,21,2,1,,1,,3,2,7,7,2,1,2,3,3,2,3,3,2,2
62,7/6/2018 16:51,7/6/2018 16:52,Complete,,,,English,https://www.surveygizmo.com/s3/4384438/Office-Stress-Questionnaire-Set-1?subj=T110,https://www.surveygizmo.com/s3/4384438/Office-Stress-Questionnaire-Set-1?subj=T110,1530910221_5b3fd60dee9ce8.60733863,"Mozilla/5.0 (Windows NT 10.0; Win64; x64) AppleWebKit/537.36 (KHTML, like Gecko) Chrome/67.0.3396.99","Mozilla/5.0 (Windows NT 10.0; Win64; x64) AppleWebKit/537.36 (KHTML, like Gecko) Chrome/67.0.3396.99 Safari/537.36",,128.194.142.236,-96.28369904,30.56699944,United States,College Station,TX,77845,T110,23,1,1,,1,,2,1,7,5,2,2,3,2,2,1,3,3,2,1
75,7/17/2018 16:39,7/17/2018 16:40,Complete,,,,English,https://www.surveygizmo.com/s3/4384438/Office-Stress-Questionnaire-Set-1?subj=T112,https://www.surveygizmo.com/s3/4384438/Office-Stress-Questionnaire-Set-1?subj=T112,1531859943_5b4e53e71a53b0.93352896,"Mozilla/5.0 (Windows NT 10.0; Win64; x64) AppleWebKit/537.36 (KHTML, like Gecko) Chrome/67.0.3396.99","Mozilla/5.0 (Windows NT 10.0; Win64; x64) AppleWebKit/537.36 (KHTML, like Gecko) Chrome/67.0.3396.99 Safari/537.36",,128.194.142.236,-96.28369904,30.56699944,United States,College Station,TX,77845,T112,19,2,1,,1,,2,1,5,7,3,2,2,3,3,1,4,3,1,1
114,9/4/2018 14:01,9/4/2018 14:02,Complete,,,,English,https://www.surveygizmo.com/s3/4384438/Office-Stress-Questionnaire-Set-1?subj=T113,https://www.surveygizmo.com/s3/4384438/Office-Stress-Questionnaire-Set-1?subj=T113,1536084071_5b8ec867c97c13.19832266,"Mozilla/5.0 (Windows NT 10.0; Win64; x64) AppleWebKit/537.36 (KHTML, like Gecko) Chrome/68.0.3440.10","Mozilla/5.0 (Windows NT 10.0; Win64; x64) AppleWebKit/537.36 (KHTML, like Gecko) Chrome/68.0.3440.106 Safari/537.36",,128.194.142.236,-96.48870087,30.69129944,United States,Bryan,TX,77807,T113,18,2,1,,1,,2,1,7,6,2,3,2,2,1,2,3,3,2,2
119,9/5/2018 14:01,9/5/2018 14:02,Complete,,,,English,https://www.surveygizmo.com/s3/4384438/Office-Stress-Questionnaire-Set-1?subj=T114,https://www.surveygizmo.com/s3/4384438/Office-Stress-Questionnaire-Set-1?subj=T114,1536170463_5b9019df99f456.34781393,"Mozilla/5.0 (Windows NT 10.0; Win64; x64) AppleWebKit/537.36 (KHTML, like Gecko) Chrome/68.0.3440.10","Mozilla/5.0 (Windows NT 10.0; Win64; x64) AppleWebKit/537.36 (KHTML, like Gecko) Chrome/68.0.3440.106 Safari/537.36",,128.194.142.236,-96.48870087,30.69129944,United States,Bryan,TX,77807,T114,19,2,1,,1,,1,1,7,7,2,1,3,2,3,2,2,3,2,1
123,9/7/2018 15:10,9/7/2018 15:11,Complete,,,,English,https://www.surveygizmo.com/s3/4384438/Office-Stress-Questionnaire-Set-1?subj=T115,https://www.surveygizmo.com/s3/4384438/Office-Stress-Questionnaire-Set-1?subj=T115,1536347392_5b92cd00303d54.93493854,"Mozilla/5.0 (Windows NT 10.0; Win64; x64) AppleWebKit/537.36 (KHTML, like Gecko) Chrome/68.0.3440.10","Mozilla/5.0 (Windows NT 10.0; Win64; x64) AppleWebKit/537.36 (KHTML, like Gecko) Chrome/68.0.3440.106 Safari/537.36",,128.194.142.236,-96.48870087,30.69129944,United States,Bryan,TX,77807,T115,19,2,1,,1,,2,1,7,5,1,1,1,4,4,1,4,3,1,0
125,9/7/2018 17:40,9/7/2018 17:42,Complete,,,,English,https://www.surveygizmo.com/s3/4384438/Office-Stress-Questionnaire-Set-1?subj=T116,https://www.surveygizmo.com/s3/4384438/Office-Stress-Questionnaire-Set-1?subj=T116,1536356413_5b92f03d4add03.10130641,"Mozilla/5.0 (Windows NT 10.0; Win64; x64) AppleWebKit/537.36 (KHTML, like Gecko) Chrome/68.0.3440.10","Mozilla/5.0 (Windows NT 10.0; Win64; x64) AppleWebKit/537.36 (KHTML, like Gecko) Chrome/68.0.3440.106 Safari/537.36",,128.194.142.236,-96.48870087,30.69129944,United States,Bryan,TX,77807,T116,28,1,1,,1,,3,2,7,7,1,0,2,4,3,0,3,4,1,1
40,6/25/2018 19:11,6/25/2018 19:13,Complete,,,,English,https://www.surveygizmo.com/s3/4384438/Office-Stress-Questionnaire-Set-1?subj=T121,https://www.surveygizmo.com/s3/4384438/Office-Stress-Questionnaire-Set-1?subj=T121,1529968201_5b317649d8d549.45733789,"Mozilla/5.0 (Windows NT 10.0; Win64; x64) AppleWebKit/537.36 (KHTML, like Gecko) Chrome/67.0.3396.87","Mozilla/5.0 (Windows NT 10.0; Win64; x64) AppleWebKit/537.36 (KHTML, like Gecko) Chrome/67.0.3396.87 Safari/537.36",,128.195.50.245,-117.7694016,33.64030075,United States,Irvine,CA,92697,T121,23,1,1,,1,,2,1,7,6,4,4,3,2,2,1,2,2,2,2
39,6/25/2018 16:32,6/25/2018 16:33,Complete,,,,English,https://www.surveygizmo.com/s3/4384438/Office-Stress-Questionnaire-Set-1?subj=T122,https://www.surveygizmo.com/s3/4384438/Office-Stress-Questionnaire-Set-1?subj=T122,1529958730_5b31514a886758.36657968,"Mozilla/5.0 (Windows NT 10.0; Win64; x64) AppleWebKit/537.36 (KHTML, like Gecko) Chrome/67.0.3396.87","Mozilla/5.0 (Windows NT 10.0; Win64; x64) AppleWebKit/537.36 (KHTML, like Gecko) Chrome/67.0.3396.87 Safari/537.36",,128.195.50.245,-117.7694016,33.64030075,United States,Irvine,CA,92697,T122,19,2,2,INDIA,1,,2,1,7,7,2,2,3,2,3,1,2,3,3,1
54,7/2/2018 13:35,7/2/2018 13:37,Complete,,,,English,https://www.surveygizmo.com/s3/4384438/Office-Stress-Questionnaire-Set-1?subj=T124,https://www.surveygizmo.com/s3/4384438/Office-Stress-Questionnaire-Set-1?subj=T124,1530552919_5b3a6257cc9534.92422035,"Mozilla/5.0 (Windows NT 10.0; Win64; x64) AppleWebKit/537.36 (KHTML, like Gecko) Chrome/67.0.3396.99","Mozilla/5.0 (Windows NT 10.0; Win64; x64) AppleWebKit/537.36 (KHTML, like Gecko) Chrome/67.0.3396.99 Safari/537.36",,128.195.50.245,-117.7694016,33.64030075,United States,Irvine,CA,92697,T124,19,2,1,,1,,1,1,7,7,1,2,3,2,1,2,2,2,1,2
56,7/2/2018 16:43,7/2/2018 16:44,Complete,,,,English,https://www.surveygizmo.com/s3/4384438/Office-Stress-Questionnaire-Set-1?subj=T126,https://www.surveygizmo.com/s3/4384438/Office-Stress-Questionnaire-Set-1?subj=T126,1530564184_5b3a8e5818e931.05471000,"Mozilla/5.0 (Windows NT 10.0; Win64; x64) AppleWebKit/537.36 (KHTML, like Gecko) Chrome/67.0.3396.99","Mozilla/5.0 (Windows NT 10.0; Win64; x64) AppleWebKit/537.36 (KHTML, like Gecko) Chrome/67.0.3396.99 Safari/537.36",,128.195.50.245,-117.7694016,33.64030075,United States,Irvine,CA,92697,T126,18,2,1,,1,,2,1,7,6,3,2,3,2,1,3,2,1,2,3
65,7/7/2018 19:11,7/7/2018 19:13,Complete,,,,English,https://www.surveygizmo.com/s3/4384438/Office-Stress-Questionnaire-Set-1?subj=T127,https://www.surveygizmo.com/s3/4384438/Office-Stress-Questionnaire-Set-1?subj=T127,1531005080_5b41489859c3e0.22586206,"Mozilla/5.0 (Windows NT 10.0; Win64; x64) AppleWebKit/537.36 (KHTML, like Gecko) Chrome/67.0.3396.99","Mozilla/5.0 (Windows NT 10.0; Win64; x64) AppleWebKit/537.36 (KHTML, like Gecko) Chrome/67.0.3396.99 Safari/537.36",,128.195.50.245,-117.7694016,33.64030075,United States,Irvine,CA,92697,T127,20,1,1,,1,,2,1,7,6,1,0,0,4,2,1,3,3,1,0
69,7/11/2018 16:47,7/11/2018 16:48,Complete,,,,English,https://www.surveygizmo.com/s3/4384438/Office-Stress-Questionnaire-Set-1?subj=T128,https://www.surveygizmo.com/s3/4384438/Office-Stress-Questionnaire-Set-1?subj=T128,1531341993_5b466ca92935a8.13930803,"Mozilla/5.0 (Windows NT 10.0; Win64; x64) AppleWebKit/537.36 (KHTML, like Gecko) Chrome/67.0.3396.99","Mozilla/5.0 (Windows NT 10.0; Win64; x64) AppleWebKit/537.36 (KHTML, like Gecko) Chrome/67.0.3396.99 Safari/537.36",,128.195.50.245,-117.7694016,33.64030075,United States,Irvine,CA,92697,T128,20,2,1,,1,,1,1,7,7,2,3,3,2,2,3,2,2,2,2
94,7/27/2018 13:55,7/27/2018 13:56,Complete,,,,English,https://www.surveygizmo.com/s3/4384438/Office-Stress-Questionnaire-Set-1?subj=T130,https://www.surveygizmo.com/s3/4384438/Office-Stress-Questionnaire-Set-1?subj=T130,1532714091_5b5b5c6bedc668.56122236,"Mozilla/5.0 (Windows NT 10.0; Win64; x64) AppleWebKit/537.36 (KHTML, like Gecko) Chrome/67.0.3396.99","Mozilla/5.0 (Windows NT 10.0; Win64; x64) AppleWebKit/537.36 (KHTML, like Gecko) Chrome/67.0.3396.99 Safari/537.36",,128.195.50.245,-117.7694016,33.64030075,United States,Irvine,CA,92697,T130,22,2,1,,1,,2,1,7,5,2,3,4,3,3,2,2,2,3,2
99,8/1/2018 13:38,8/1/2018 13:39,Complete,,,,English,https://www.surveygizmo.com/s3/4384438/Office-Stress-Questionnaire-Set-1?subj=T132,https://www.surveygizmo.com/s3/4384438/Office-Stress-Questionnaire-Set-1?subj=T132,1533145106_5b61f012519fd1.55209320,"Mozilla/5.0 (Windows NT 10.0; Win64; x64) AppleWebKit/537.36 (KHTML, like Gecko) Chrome/67.0.3396.99","Mozilla/5.0 (Windows NT 10.0; Win64; x64) AppleWebKit/537.36 (KHTML, like Gecko) Chrome/67.0.3396.99 Safari/537.36",,128.195.50.245,-117.7694016,33.64030075,United States,Irvine,CA,92697,T132,25,2,1,,1,,4,2,7,7,2,3,4,1,2,2,1,2,3,3
112,8/22/2018 16:47,8/22/2018 16:48,Complete,,,,English,https://www.surveygizmo.com/s3/4384438/Office-Stress-Questionnaire-Set-1?subj=T133,https://www.surveygizmo.com/s3/4384438/Office-Stress-Questionnaire-Set-1?subj=T133,1534970780_5b7dcb9cd4b285.44630671,"Mozilla/5.0 (Windows NT 10.0; Win64; x64) AppleWebKit/537.36 (KHTML, like Gecko) Chrome/68.0.3440.10","Mozilla/5.0 (Windows NT 10.0; Win64; x64) AppleWebKit/537.36 (KHTML, like Gecko) Chrome/68.0.3440.106 Safari/537.36",,128.195.50.245,-97.8219986,37.75099945,United States,,,,T133,18,1,2,INDIA,1,,2,1,7,7,2,3,3,3,2,1,1,2,3,2
26,6/15/2018 16:58,6/15/2018 16:59,Complete,,,,English,https://www.surveygizmo.com/s3/4384438/Office-Stress-Questionnaire-Set-1?subj=T136,https://www.surveygizmo.com/s3/4384438/Office-Stress-Questionnaire-Set-1?subj=T136,1529096241_5b2428312a7565.99191482,"Mozilla/5.0 (Windows NT 10.0; Win64; x64) AppleWebKit/537.36 (KHTML, like Gecko) Chrome/67.0.3396.87","Mozilla/5.0 (Windows NT 10.0; Win64; x64) AppleWebKit/537.36 (KHTML, like Gecko) Chrome/67.0.3396.87 Safari/537.36",,128.195.50.245,-117.7694016,33.64030075,United States,Irvine,CA,92697,T136,21,2,1,,1,,2,1,7,6,3,3,4,0,0,3,1,0,4,4
36,6/22/2018 16:49,6/22/2018 16:50,Complete,,,,English,https://www.surveygizmo.com/s3/4384438/Office-Stress-Questionnaire-Set-1?subj=T138,https://www.surveygizmo.com/s3/4384438/Office-Stress-Questionnaire-Set-1?subj=T138,1529700535_5b2d60b7246807.07962994,"Mozilla/5.0 (Windows NT 10.0; Win64; x64) AppleWebKit/537.36 (KHTML, like Gecko) Chrome/67.0.3396.87","Mozilla/5.0 (Windows NT 10.0; Win64; x64) AppleWebKit/537.36 (KHTML, like Gecko) Chrome/67.0.3396.87 Safari/537.36",,128.195.50.245,-117.7694016,33.64030075,United States,Irvine,CA,92697,T138,22,2,1,,1,,2,1,7,5,2,3,3,2,3,3,2,2,1,3
53,6/30/2018 13:34,6/30/2018 13:36,Complete,,,,English,https://www.surveygizmo.com/s3/4384438/Office-Stress-Questionnaire-Set-1?subj=T139,https://www.surveygizmo.com/s3/4384438/Office-Stress-Questionnaire-Set-1?subj=T139,1530380056_5b37bf18a94165.42682847,"Mozilla/5.0 (Windows NT 10.0; Win64; x64) AppleWebKit/537.36 (KHTML, like Gecko) Chrome/67.0.3396.99","Mozilla/5.0 (Windows NT 10.0; Win64; x64) AppleWebKit/537.36 (KHTML, like Gecko) Chrome/67.0.3396.99 Safari/537.36",,128.195.50.245,-117.7694016,33.64030075,United States,Irvine,CA,92697,T139,19,1,1,,1,,2,1,7,4,2,3,3,3,2,0,4,2,2,3
63,7/6/2018 18:56,7/6/2018 18:58,Complete,,,,English,https://www.surveygizmo.com/s3/4384438/Office-Stress-Questionnaire-Set-1?subj=T140,https://www.surveygizmo.com/s3/4384438/Office-Stress-Questionnaire-Set-1?subj=T140,1530917785_5b3ff399b9cf14.42449407,"Mozilla/5.0 (Windows NT 10.0; Win64; x64) AppleWebKit/537.36 (KHTML, like Gecko) Chrome/67.0.3396.99","Mozilla/5.0 (Windows NT 10.0; Win64; x64) AppleWebKit/537.36 (KHTML, like Gecko) Chrome/67.0.3396.99 Safari/537.36",,128.195.50.245,-117.7694016,33.64030075,United States,Irvine,CA,92697,T140,19,2,2,canadian,1,,2,1,7,7,1,1,2,4,3,0,4,4,1,0
67,7/10/2018 16:39,7/10/2018 16:41,Complete,,,,English,https://www.surveygizmo.com/s3/4384438/Office-Stress-Questionnaire-Set-1?subj=T141,https://www.surveygizmo.com/s3/4384438/Office-Stress-Questionnaire-Set-1?subj=T141,1531255089_5b451931111cf9.09683694,"Mozilla/5.0 (Windows NT 10.0; Win64; x64) AppleWebKit/537.36 (KHTML, like Gecko) Chrome/67.0.3396.99","Mozilla/5.0 (Windows NT 10.0; Win64; x64) AppleWebKit/537.36 (KHTML, like Gecko) Chrome/67.0.3396.99 Safari/537.36",,128.195.50.245,-117.7694016,33.64030075,United States,Irvine,CA,92697,T141,22,1,1,,1,,2,2,7,5,1,2,2,3,4,2,3,3,1,3
66,7/8/2018 17:05,7/8/2018 17:06,Complete,,,,English,https://www.surveygizmo.com/s3/4384438/Office-Stress-Questionnaire-Set-1?subj=T142,https://www.surveygizmo.com/s3/4384438/Office-Stress-Questionnaire-Set-1?subj=T142,1531083917_5b427c8d5b0278.49137835,"Mozilla/5.0 (Windows NT 10.0; Win64; x64) AppleWebKit/537.36 (KHTML, like Gecko) Chrome/67.0.3396.99","Mozilla/5.0 (Windows NT 10.0; Win64; x64) AppleWebKit/537.36 (KHTML, like Gecko) Chrome/67.0.3396.99 Safari/537.36",,128.195.50.245,-117.7694016,33.64030075,United States,Irvine,CA,92697,T142,20,2,1,,1,,2,1,7,5,3,3,3,3,2,2,3,3,2,1
71,7/12/2018 16:41,7/12/2018 16:42,Complete,,,,English,https://www.surveygizmo.com/s3/4384438/Office-Stress-Questionnaire-Set-1?subj=T144,https://www.surveygizmo.com/s3/4384438/Office-Stress-Questionnaire-Set-1?subj=T144,1531428029_5b47bcbd5d9b00.34317696,"Mozilla/5.0 (Windows NT 10.0; Win64; x64) AppleWebKit/537.36 (KHTML, like Gecko) Chrome/67.0.3396.99","Mozilla/5.0 (Windows NT 10.0; Win64; x64) AppleWebKit/537.36 (KHTML, like Gecko) Chrome/67.0.3396.99 Safari/537.36",,128.195.50.245,-117.7694016,33.64030075,United States,Irvine,CA,92697,T144,21,2,1,,1,,2,1,6,6,1,1,2,4,4,2,4,3,1,1
100,8/1/2018 16:37,8/1/2018 16:38,Complete,,,,English,https://www.surveygizmo.com/s3/4384438/Office-Stress-Questionnaire-Set-1?subj=T145,https://www.surveygizmo.com/s3/4384438/Office-Stress-Questionnaire-Set-1?subj=T145,1533155860_5b621a1452b339.30168571,"Mozilla/5.0 (Windows NT 10.0; Win64; x64) AppleWebKit/537.36 (KHTML, like Gecko) Chrome/67.0.3396.99","Mozilla/5.0 (Windows NT 10.0; Win64; x64) AppleWebKit/537.36 (KHTML, like Gecko) Chrome/67.0.3396.99 Safari/537.36",,128.195.50.245,-117.7694016,33.64030075,United States,Irvine,CA,92697,T145,21,1,1,,1,,2,1,7,7,3,3,2,4,3,2,2,3,2,1
102,8/3/2018 17:00,8/3/2018 17:01,Complete,,,,English,https://www.surveygizmo.com/s3/4384438/Office-Stress-Questionnaire-Set-1?subj=T146,https://www.surveygizmo.com/s3/4384438/Office-Stress-Questionnaire-Set-1?subj=T146,1533329995_5b64c24b3a6392.36562230,"Mozilla/5.0 (Windows NT 10.0; Win64; x64) AppleWebKit/537.36 (KHTML, like Gecko) Chrome/67.0.3396.99","Mozilla/5.0 (Windows NT 10.0; Win64; x64) AppleWebKit/537.36 (KHTML, like Gecko) Chrome/67.0.3396.99 Safari/537.36",,128.195.50.245,-117.7694016,33.64030075,United States,Irvine,CA,92697,T146,20,2,1,,1,,2,1,7,5,2,2,3,4,3,1,3,2,2,1
103,8/4/2018 16:38,8/4/2018 16:39,Complete,,,,English,https://www.surveygizmo.com/s3/4384438/Office-Stress-Questionnaire-Set-1?subj=T148,https://www.surveygizmo.com/s3/4384438/Office-Stress-Questionnaire-Set-1?subj=T148,1533415058_5b660e922e4d80.58938332,"Mozilla/5.0 (Windows NT 10.0; Win64; x64) AppleWebKit/537.36 (KHTML, like Gecko) Chrome/67.0.3396.99","Mozilla/5.0 (Windows NT 10.0; Win64; x64) AppleWebKit/537.36 (KHTML, like Gecko) Chrome/67.0.3396.99 Safari/537.36",,128.195.50.245,-117.7694016,33.64030075,United States,Irvine,CA,92697,T148,20,2,1,,1,,2,1,7,7,2,3,4,2,1,2,2,2,3,3
120,9/5/2018 16:34,9/5/2018 16:35,Complete,,,,English,https://www.surveygizmo.com/s3/4384438/Office-Stress-Questionnaire-Set-1?subj=T150,https://www.surveygizmo.com/s3/4384438/Office-Stress-Questionnaire-Set-1?subj=T150,1536179658_5b903dca12fa51.31686681,"Mozilla/5.0 (Windows NT 10.0; Win64; x64) AppleWebKit/537.36 (KHTML, like Gecko) Chrome/68.0.3440.10","Mozilla/5.0 (Windows NT 10.0; Win64; x64) AppleWebKit/537.36 (KHTML, like Gecko) Chrome/68.0.3440.106 Safari/537.36",,128.195.50.245,-117.7694016,33.64030075,United States,Irvine,CA,92697,T150,20,2,1,,1,,2,1,7,6,2,2,2,3,3,1,2,2,2,2
37,6/25/2018 13:38,6/25/2018 13:38,Complete,,,,English,https://www.surveygizmo.com/s3/4384438/Office-Stress-Questionnaire-Set-1?subj=T151,https://www.surveygizmo.com/s3/4384438/Office-Stress-Questionnaire-Set-1?subj=T151,1529948253_5b31285d81a728.19118749,"Mozilla/5.0 (Windows NT 10.0; Win64; x64) AppleWebKit/537.36 (KHTML, like Gecko) Chrome/67.0.3396.87","Mozilla/5.0 (Windows NT 10.0; Win64; x64) AppleWebKit/537.36 (KHTML, like Gecko) Chrome/67.0.3396.87 Safari/537.36",,128.195.50.245,-117.7694016,33.64030075,United States,Irvine,CA,92697,T151,19,1,1,,1,,1,1,7,7,3,2,3,3,2,0,4,1,2,2
68,7/10/2018 19:43,7/10/2018 19:44,Complete,,,,English,https://www.surveygizmo.com/s3/4384438/Office-Stress-Questionnaire-Set-1?subj=T152,https://www.surveygizmo.com/s3/4384438/Office-Stress-Questionnaire-Set-1?subj=T152,1531266182_5b45448621a546.11833785,"Mozilla/5.0 (Windows NT 10.0; Win64; x64) AppleWebKit/537.36 (KHTML, like Gecko) Chrome/67.0.3396.99","Mozilla/5.0 (Windows NT 10.0; Win64; x64) AppleWebKit/537.36 (KHTML, like Gecko) Chrome/67.0.3396.99 Safari/537.36",,128.195.50.245,-117.7694016,33.64030075,United States,Irvine,CA,92697,T152,20,2,1,,1,,2,1,7,7,3,3,4,2,2,3,2,1,3,3
41,6/26/2018 13:47,6/26/2018 13:48,Complete,,,,English,https://www.surveygizmo.com/s3/4384438/Office-Stress-Questionnaire-Set-1?subj=T153,https://www.surveygizmo.com/s3/4384438/Office-Stress-Questionnaire-Set-1?subj=T153,1530035195_5b327bfbee6114.25017180,"Mozilla/5.0 (Windows NT 10.0; Win64; x64) AppleWebKit/537.36 (KHTML, like Gecko) Chrome/67.0.3396.87","Mozilla/5.0 (Windows NT 10.0; Win64; x64) AppleWebKit/537.36 (KHTML, like Gecko) Chrome/67.0.3396.87 Safari/537.36",,128.195.50.245,-117.7694016,33.64030075,United States,Irvine,CA,92697,T153,20,1,1,,1,,1,1,7,7,2,1,2,4,3,1,3,4,2,2
61,7/6/2018 16:34,7/6/2018 16:35,Complete,,,,English,https://www.surveygizmo.com/s3/4384438/Office-Stress-Questionnaire-Set-1?subj=T154,https://www.surveygizmo.com/s3/4384438/Office-Stress-Questionnaire-Set-1?subj=T154,1530909257_5b3fd249438b74.23509585,"Mozilla/5.0 (Windows NT 10.0; Win64; x64) AppleWebKit/537.36 (KHTML, like Gecko) Chrome/67.0.3396.99","Mozilla/5.0 (Windows NT 10.0; Win64; x64) AppleWebKit/537.36 (KHTML, like Gecko) Chrome/67.0.3396.99 Safari/537.36",,128.195.50.245,-117.7694016,33.64030075,United States,Irvine,CA,92697,T154,21,2,1,,1,,2,1,7,7,2,1,3,3,3,1,2,2,1,1
64,7/7/2018 16:39,7/7/2018 16:40,Complete,,,,English,https://www.surveygizmo.com/s3/4384438/Office-Stress-Questionnaire-Set-1?subj=T155,https://www.surveygizmo.com/s3/4384438/Office-Stress-Questionnaire-Set-1?subj=T155,1530995940_5b4124e4cf9540.86550707,"Mozilla/5.0 (Windows NT 10.0; Win64; x64) AppleWebKit/537.36 (KHTML, like Gecko) Chrome/67.0.3396.99","Mozilla/5.0 (Windows NT 10.0; Win64; x64) AppleWebKit/537.36 (KHTML, like Gecko) Chrome/67.0.3396.99 Safari/537.36",,128.195.50.245,-117.7694016,33.64030075,United States,Irvine,CA,92697,T155,20,1,1,,1,,2,1,6,3,2,3,2,1,3,2,2,2,1,1
50,6/28/2018 19:00,6/28/2018 19:02,Complete,,,,English,https://www.surveygizmo.com/s3/4384438/Office-Stress-Questionnaire-Set-1?subj=T156,https://www.surveygizmo.com/s3/4384438/Office-Stress-Questionnaire-Set-1?subj=T156,1530226800_5b3568703093e3.39355320,"Mozilla/5.0 (Windows NT 10.0; Win64; x64) AppleWebKit/537.36 (KHTML, like Gecko) Chrome/67.0.3396.99","Mozilla/5.0 (Windows NT 10.0; Win64; x64) AppleWebKit/537.36 (KHTML, like Gecko) Chrome/67.0.3396.99 Safari/537.36",,128.195.50.245,-117.7694016,33.64030075,United States,Irvine,CA,92697,T156,27,2,1,,1,,1,1,7,4,3,3,4,3,3,2,3,2,2,1
83,7/19/2018 13:41,7/19/2018 13:42,Complete,,,,English,https://www.surveygizmo.com/s3/4384438/Office-Stress-Questionnaire-Set-1?subj=T157,https://www.surveygizmo.com/s3/4384438/Office-Stress-Questionnaire-Set-1?subj=T157,1532022063_5b50cd2fa0f348.76924222,"Mozilla/5.0 (Windows NT 10.0; Win64; x64) AppleWebKit/537.36 (KHTML, like Gecko) Chrome/67.0.3396.99","Mozilla/5.0 (Windows NT 10.0; Win64; x64) AppleWebKit/537.36 (KHTML, like Gecko) Chrome/67.0.3396.99 Safari/537.36",,128.195.50.245,-117.7694016,33.64030075,United States,Irvine,CA,92697,T157,20,1,1,,1,,2,1,7,6,1,2,3,4,3,1,3,3,1,2
85,7/19/2018 16:46,7/19/2018 16:48,Complete,,,,English,https://www.surveygizmo.com/s3/4384438/Office-Stress-Questionnaire-Set-1?subj=T158,https://www.surveygizmo.com/s3/4384438/Office-Stress-Questionnaire-Set-1?subj=T158,1532033171_5b50f8935a1ed7.53361516,"Mozilla/5.0 (Windows NT 10.0; Win64; x64) AppleWebKit/537.36 (KHTML, like Gecko) Chrome/67.0.3396.99","Mozilla/5.0 (Windows NT 10.0; Win64; x64) AppleWebKit/537.36 (KHTML, like Gecko) Chrome/67.0.3396.99 Safari/537.36",,128.195.50.245,-117.7694016,33.64030075,United States,Irvine,CA,92697,T158,19,2,1,,1,,2,1,7,7,2,2,2,3,3,2,3,2,2,1
96,7/30/2018 13:40,7/30/2018 13:41,Complete,,,,English,https://www.surveygizmo.com/s3/4384438/Office-Stress-Questionnaire-Set-1?subj=T160,https://www.surveygizmo.com/s3/4384438/Office-Stress-Questionnaire-Set-1?subj=T160,1532972393_5b5f4d6980a692.91074074,"Mozilla/5.0 (Windows NT 10.0; Win64; x64) AppleWebKit/537.36 (KHTML, like Gecko) Chrome/67.0.3396.99","Mozilla/5.0 (Windows NT 10.0; Win64; x64) AppleWebKit/537.36 (KHTML, like Gecko) Chrome/67.0.3396.99 Safari/537.36",,128.195.50.245,-117.7694016,33.64030075,United States,Irvine,CA,92697,T160,19,2,1,,1,,2,1,7,6,3,4,3,2,2,1,2,2,3,3
109,8/13/2018 11:40,8/13/2018 11:42,Complete,,,,English,https://www.surveygizmo.com/s3/4384438/Office-Stress-Questionnaire-Set-1?subj=T162,https://www.surveygizmo.com/s3/4384438/Office-Stress-Questionnaire-Set-1?subj=T162,1534174787_5b71a643598d17.44334536,"Mozilla/5.0 (Windows NT 10.0; Win64; x64) AppleWebKit/537.36 (KHTML, like Gecko) Chrome/68.0.3440.10","Mozilla/5.0 (Windows NT 10.0; Win64; x64) AppleWebKit/537.36 (KHTML, like Gecko) Chrome/68.0.3440.106 Safari/537.36",,128.195.50.245,-117.7694016,33.64030075,United States,Irvine,CA,92697,T162,20,2,1,,1,,2,1,7,7,3,0,3,2,2,2,2,3,3,2
47,6/28/2018 13:44,6/28/2018 13:45,Complete,,,,English,https://www.surveygizmo.com/s3/4384438/Office-Stress-Questionnaire-Set-1?subj=T166,https://www.surveygizmo.com/s3/4384438/Office-Stress-Questionnaire-Set-1?subj=T166,1530207867_5b351e7badcb53.40107513,"Mozilla/5.0 (Windows NT 10.0; Win64; x64) AppleWebKit/537.36 (KHTML, like Gecko) Chrome/67.0.3396.99","Mozilla/5.0 (Windows NT 10.0; Win64; x64) AppleWebKit/537.36 (KHTML, like Gecko) Chrome/67.0.3396.99 Safari/537.36",,128.195.50.245,-117.7694016,33.64030075,United States,Irvine,CA,92697,T166,21,2,1,,1,,2,1,7,5,2,3,3,2,2,3,2,2,2,2
31,6/19/2018 16:47,6/19/2018 16:48,Complete,,,,English,https://www.surveygizmo.com/s3/4384438/Office-Stress-Questionnaire-Set-1?subj=T167,https://www.surveygizmo.com/s3/4384438/Office-Stress-Questionnaire-Set-1?subj=T167,1529441167_5b296b8fd0a002.58092156,"Mozilla/5.0 (Windows NT 10.0; Win64; x64) AppleWebKit/537.36 (KHTML, like Gecko) Chrome/67.0.3396.87","Mozilla/5.0 (Windows NT 10.0; Win64; x64) AppleWebKit/537.36 (KHTML, like Gecko) Chrome/67.0.3396.87 Safari/537.36",,128.195.50.245,-117.7694016,33.64030075,United States,Irvine,CA,92697,T167,38,1,1,,1,,2,2,7,7,3,3,3,3,3,1,3,2,3,2
59,7/3/2018 16:40,7/3/2018 16:41,Complete,,,,English,https://www.surveygizmo.com/s3/4384438/Office-Stress-Questionnaire-Set-1?subj=T168,https://www.surveygizmo.com/s3/4384438/Office-Stress-Questionnaire-Set-1?subj=T168,1530650411_5b3bdf2b8d40e6.78413615,"Mozilla/5.0 (Windows NT 10.0; Win64; x64) AppleWebKit/537.36 (KHTML, like Gecko) Chrome/67.0.3396.99","Mozilla/5.0 (Windows NT 10.0; Win64; x64) AppleWebKit/537.36 (KHTML, like Gecko) Chrome/67.0.3396.99 Safari/537.36",,128.195.50.245,-117.7694016,33.64030075,United States,Irvine,CA,92697,T168,18,2,1,,1,,2,1,7,6,2,2,3,2,4,4,4,3,1,2
79,7/18/2018 13:49,7/18/2018 13:51,Complete,,,,English,https://www.surveygizmo.com/s3/4384438/Office-Stress-Questionnaire-Set-1?subj=T170,https://www.surveygizmo.com/s3/4384438/Office-Stress-Questionnaire-Set-1?subj=T170,1531936130_5b4f7d82cd2e87.53196082,"Mozilla/5.0 (Windows NT 10.0; Win64; x64) AppleWebKit/537.36 (KHTML, like Gecko) Chrome/67.0.3396.99","Mozilla/5.0 (Windows NT 10.0; Win64; x64) AppleWebKit/537.36 (KHTML, like Gecko) Chrome/67.0.3396.99 Safari/537.36",,128.195.50.245,-117.7694016,33.64030075,United States,Irvine,CA,92697,T170,21,2,1,,1,,2,1,7,6,3,1,2,4,2,0,2,3,2,2
110,8/14/2018 13:40,8/14/2018 13:41,Complete,,,,English,https://www.surveygizmo.com/s3/4384438/Office-Stress-Questionnaire-Set-1?subj=T171,https://www.surveygizmo.com/s3/4384438/Office-Stress-Questionnaire-Set-1?subj=T171,1534268398_5b7313ee60bd22.77141973,"Mozilla/5.0 (Windows NT 10.0; Win64; x64) AppleWebKit/537.36 (KHTML, like Gecko) Chrome/68.0.3440.10","Mozilla/5.0 (Windows NT 10.0; Win64; x64) AppleWebKit/537.36 (KHTML, like Gecko) Chrome/68.0.3440.106 Safari/537.36",,128.195.50.245,-117.7694016,33.64030075,United States,Irvine,CA,92697,T171,19,1,1,,1,,2,1,7,7,3,2,3,3,2,4,3,2,4,3
60,7/6/2018 13:36,7/6/2018 13:37,Complete,,,,English,https://www.surveygizmo.com/s3/4384438/Office-Stress-Questionnaire-Set-1?subj=T172,https://www.surveygizmo.com/s3/4384438/Office-Stress-Questionnaire-Set-1?subj=T172,1530898520_5b3fa8582b0277.58167902,"Mozilla/5.0 (Windows NT 10.0; Win64; x64) AppleWebKit/537.36 (KHTML, like Gecko) Chrome/67.0.3396.99","Mozilla/5.0 (Windows NT 10.0; Win64; x64) AppleWebKit/537.36 (KHTML, like Gecko) Chrome/67.0.3396.99 Safari/537.36",,128.195.50.245,-117.7694016,33.64030075,United States,Irvine,CA,92697,T172,19,2,1,,1,,2,1,7,5,2,2,2,2,3,1,3,2,2,2
73,7/14/2018 13:45,7/14/2018 13:45,Complete,,,,English,https://www.surveygizmo.com/s3/4384438/Office-Stress-Questionnaire-Set-1?subj=T173,https://www.surveygizmo.com/s3/4384438/Office-Stress-Questionnaire-Set-1?subj=T173,1531590263_5b4a3677da2f25.53020906,"Mozilla/5.0 (Windows NT 10.0; Win64; x64) AppleWebKit/537.36 (KHTML, like Gecko) Chrome/67.0.3396.99","Mozilla/5.0 (Windows NT 10.0; Win64; x64) AppleWebKit/537.36 (KHTML, like Gecko) Chrome/67.0.3396.99 Safari/537.36",,128.195.50.245,-117.7694016,33.64030075,United States,Irvine,CA,92697,T173,18,1,1,,1,,2,1,7,5,3,3,2,3,1,1,3,3,4,2
113,8/29/2018 11:45,8/29/2018 11:46,Complete,,,,English,https://www.surveygizmo.com/s3/4384438/Office-Stress-Questionnaire-Set-1?subj=T174,https://www.surveygizmo.com/s3/4384438/Office-Stress-Questionnaire-Set-1?subj=T174,1535557483_5b86bf6b6c5f76.48851348,"Mozilla/5.0 (Windows NT 10.0; Win64; x64) AppleWebKit/537.36 (KHTML, like Gecko) Chrome/68.0.3440.10","Mozilla/5.0 (Windows NT 10.0; Win64; x64) AppleWebKit/537.36 (KHTML, like Gecko) Chrome/68.0.3440.106 Safari/537.36",,128.195.50.245,-117.7694016,33.64030075,United States,Irvine,CA,92697,T174,22,2,1,,1,,2,1,7,7,1,3,2,3,2,1,3,2,1,1
76,7/17/2018 16:45,7/17/2018 16:46,Complete,,,,English,https://www.surveygizmo.com/s3/4384438/Office-Stress-Questionnaire-Set-1?subj=T175,https://www.surveygizmo.com/s3/4384438/Office-Stress-Questionnaire-Set-1?subj=T175,1531860295_5b4e554704c080.42479898,"Mozilla/5.0 (Windows NT 10.0; Win64; x64) AppleWebKit/537.36 (KHTML, like Gecko) Chrome/67.0.3396.99","Mozilla/5.0 (Windows NT 10.0; Win64; x64) AppleWebKit/537.36 (KHTML, like Gecko) Chrome/67.0.3396.99 Safari/537.36",,128.195.50.245,-117.7694016,33.64030075,United States,Irvine,CA,92697,T175,18,2,1,,1,,1,1,7,7,3,2,3,2,2,2,1,2,2,2
77,7/17/2018 19:08,7/17/2018 19:09,Complete,,,,English,https://www.surveygizmo.com/s3/4384438/Office-Stress-Questionnaire-Set-1?subj=T-176,https://www.surveygizmo.com/s3/4384438/Office-Stress-Questionnaire-Set-1?subj=T-176,1531868854_5b4e76b6e9c797.26452535,"Mozilla/5.0 (Windows NT 10.0; Win64; x64) AppleWebKit/537.36 (KHTML, like Gecko) Chrome/67.0.3396.99","Mozilla/5.0 (Windows NT 10.0; Win64; x64) AppleWebKit/537.36 (KHTML, like Gecko) Chrome/67.0.3396.99 Safari/537.36",,128.195.50.245,-117.7694016,33.64030075,United States,Irvine,CA,92697,T176,18,2,1,,1,,2,1,7,7,2,1,2,3,2,1,3,3,2,1
80,7/18/2018 14:04,7/18/2018 14:05,Complete,,,,English,https://www.surveygizmo.com/s3/4384438/Office-Stress-Questionnaire-Set-1?subj=T178,https://www.surveygizmo.com/s3/4384438/Office-Stress-Questionnaire-Set-1?subj=T178,1531937030_5b4f8106a1b0a3.57041344,"Mozilla/5.0 (Windows NT 10.0; Win64; x64) AppleWebKit/537.36 (KHTML, like Gecko) Chrome/67.0.3396.99","Mozilla/5.0 (Windows NT 10.0; Win64; x64) AppleWebKit/537.36 (KHTML, like Gecko) Chrome/67.0.3396.99 Safari/537.36",,128.195.50.245,-117.7694016,33.64030075,United States,Irvine,CA,92697,T178,21,2,1,,1,,2,1,7,6,3,1,2,4,2,1,3,4,1,2
105,8/6/2018 19:13,8/6/2018 19:13,Complete,,,,English,https://www.surveygizmo.com/s3/4384438/Office-Stress-Questionnaire-Set-1?subj=T180,https://www.surveygizmo.com/s3/4384438/Office-Stress-Questionnaire-Set-1?subj=T180,1533597148_5b68d5dcf383d0.93740219,"Mozilla/5.0 (Windows NT 10.0; Win64; x64) AppleWebKit/537.36 (KHTML, like Gecko) Chrome/67.0.3396.99","Mozilla/5.0 (Windows NT 10.0; Win64; x64) AppleWebKit/537.36 (KHTML, like Gecko) Chrome/67.0.3396.99 Safari/537.36",,128.195.50.245,-117.7694016,33.64030075,United States,Irvine,CA,92697,T180,20,2,1,,1,,2,1,7,7,2,2,3,3,2,2,3,3,1,2
126,9/7/2018 19:13,9/7/2018 19:15,Complete,,,,English,https://www.surveygizmo.com/s3/4384438/Office-Stress-Questionnaire-Set-1?subj=T198,https://www.surveygizmo.com/s3/4384438/Office-Stress-Questionnaire-Set-1?subj=T198,1536361962_5b9305eac2a477.75435397,"Mozilla/5.0 (Windows NT 10.0; Win64; x64) AppleWebKit/537.36 (KHTML, like Gecko) Chrome/68.0.3440.10","Mozilla/5.0 (Windows NT 10.0; Win64; x64) AppleWebKit/537.36 (KHTML, like Gecko) Chrome/68.0.3440.106 Safari/537.36",,128.195.50.245,-117.7694016,33.64030075,United States,Irvine,CA,92697,T198,20,2,1,,1,,2,1,4,7,3,3,2,3,2,2,3,2,2,1
124,9/7/2018 16:38,9/7/2018 16:39,Complete,,,,English,https://www.surveygizmo.com/s3/4384438/Office-Stress-Questionnaire-Set-1?subj=T200,https://www.surveygizmo.com/s3/4384438/Office-Stress-Questionnaire-Set-1?subj=T200,1536352675_5b92e1a3e28c76.91373909,"Mozilla/5.0 (Windows NT 10.0; Win64; x64) AppleWebKit/537.36 (KHTML, like Gecko) Chrome/68.0.3440.10","Mozilla/5.0 (Windows NT 10.0; Win64; x64) AppleWebKit/537.36 (KHTML, like Gecko) Chrome/68.0.3440.106 Safari/537.36",,128.195.50.245,-117.7694016,33.64030075,United States,Irvine,CA,92697,T200,20,2,1,,1,,2,1,7,6,2,2,2,2,2,2,3,3,3,1
